{
  "Hokkaido": [
    { "id": "Wakkanai", "name": "왓카나이", "name_jp": "稚内", "code": "011000" },
    { "id": "Asahikawa", "name": "아시히카와", "name_jp": "旭川", "code": "012000" },
    { "id": "Abashiri", "name": "아바시리", "name_jp": "網走", "code": "013000" },
    { "id": "Kushiro", "name": "쿠시로", "name_jp": "釧路", "code": "014100" },
    { "id": "Muroran", "name": "무로란", "name_jp": "室蘭", "code": "015000" },
    { "id": "Sapporo", "name": "삿포로", "name_jp": "札幌", "code": "016000" },
    { "id": "Hakodate", "name": "하코다테", "name_jp": "函館", "code": "016000" }
  ],
  "Tohoku": [
    { "id": "Aomori", "name": "아오모리", "name_jp": "青森", "code": "020000" },
    { "id": "Morioka", "name": "모리오카", "name_jp": "盛岡", "code": "030000" },
    { "id": "Sendai", "name": "센다이", "name_jp": "仙台", "code": "040000" },
    { "id": "Akita", "name": "아키타", "name_jp": "秋田", "code": "050000" },
    { "id": "Yamagata", "name": "야마가타", "name_jp": "山形", "code": "060000" },
    { "id": "Fukushima", "name": "후쿠시마", "name_jp": "福島", "code": "070000" }
  ],
  "KantoKoshin": [
    { "id": "Mito", "name": "미토", "name_jp": "水戸", "code": "080000" },
    { "id": "Utsunomiya", "name": "우츠노미야", "name_jp": "宇都宮", "code": "090000" },
    { "id": "Maebashi", "name": "마에바시", "name_jp": "前橋", "code": "100000" },
    { "id": "Kumagaya", "name": "쿠마가야", "name_jp": "熊谷", "code": "110000" },
    { "id": "Choshi", "name": "조시", "name_jp": "銚子", "code": "120000" },
    { "id": "Tokyo", "name": "기상청(도쿄)", "name_jp": "気象庁", "code": "130000" },
    { "id": "Yokohama", "name": "요코하마", "name_jp": "横浜", "code": "140000" },
    { "id": "Kofu", "name": "고후", "name_jp": "甲府", "code": "190000" },
    { "id": "Nagano", "name": "나가노", "name_jp": "長野", "code": "200000" }
  ],
  "Tokai": [
    { "id": "Shizuoka", "name": "시즈오카", "name_jp": "静岡", "code": "210000" },
    { "id": "Nagoya", "name": "나고야", "name_jp": "名古屋", "code": "220000" },
    { "id": "Gifu", "name": "기후", "name_jp": "岐阜", "code": "230000" },
    { "id": "Hamamatsu", "name": "하마마츠", "name_jp": "浜松", "code": "240000" }
  ],
  "Hokuriku": [
    { "id": "Niigata", "name": "니가타", "name_jp": "新潟", "code": "150000" },
    { "id": "Toyama", "name": "토야마", "name_jp": "富山", "code": "160000" },
    { "id": "Ishikawa", "name": "이시카와", "name_jp": "石川", "code": "170000" },
    { "id": "Fukui", "name": "후쿠이", "name_jp": "福井", "code": "180000" }
  ],
  "Kinki": [
    { "id": "Osaka", "name": "오사카", "name_jp": "大阪", "code": "250000" },
    { "id": "Kyoto", "name": "교토", "name_jp": "京都", "code": "260000" },
    { "id": "Hyogo", "name": "효고", "name_jp": "兵庫", "code": "270000" },
    { "id": "Nara", "name": "나라", "name_jp": "奈良", "code": "280000" },
    { "id": "Wakayama", "name": "와카야마", "name_jp": "和歌山", "code": "290000" },
    { "id": "Shiga", "name": "시가", "name_jp": "滋賀", "code": "300000" }
  ],
  "Chugoku": [
    { "id": "Hiroshima", "name": "히로시마", "name_jp": "広島", "code": "310000" },
    { "id": "Okayama", "name": "오카야마", "name_jp": "岡山", "code": "320000" },
    { "id": "Tottori", "name": "돗토리", "name_jp": "鳥取", "code": "330000" },
    { "id": "Shimane", "name": "시마네", "name_jp": "島根", "code": "340000" }
  ],
  "Shikoku": [
    { "id": "Kagawa", "name": "카가와", "name_jp": "香川", "code": "360000" },
    { "id": "Tokushima", "name": "도쿠시마", "name_jp": "徳島", "code": "370000" },
    { "id": "Ehime", "name": "에히메", "name_jp": "愛媛", "code": "380000" },
    { "id": "Kochi", "name": "고치", "name_jp": "高知", "code": "390000" }
  ],
  "NorthernKyushu": [
    { "id": "Yamaguchi", "name": "야마구치", "name_jp": "山口", "code": "350000" },
    { "id": "Fukuoka", "name": "후쿠오카", "name_jp": "福岡", "code": "400000" },
    { "id": "Saga", "name": "사가", "name_jp": "佐賀", "code": "410000" },
    { "id": "Nagasaki", "name": "나가사키", "name_jp": "長崎", "code": "420000" },
    { "id": "Oita", "name": "오이타", "name_jp": "大分", "code": "430000" },
    { "id": "Kumamoto", "name": "쿠마모토", "name_jp": "熊本", "code": "440000" }
  ],
  "SouthernKyushu": [
    { "id": "Kagoshima", "name": "가고시마", "name_jp": "鹿児島", "code": "450000" },
    { "id": "AmamiOshima", "name": "아마미오시마", "name_jp": "奄美大島", "code": "460040" },
    { "id": "Okierabu", "name": "오키에라부", "name_jp": "沖永良部島", "code": "460100" }
  ],
  "Okinawa": [
    { "id": "Naha", "name": "나하", "name_jp": "那覇", "code": "471000" },
    { "id": "Nago", "name": "나고", "name_jp": "名護", "code": "472000" },
    { "id": "Miyako", "name": "미야코지마", "name_jp": "宮古島", "code": "473000" },
    { "id": "Ishigaki", "name": "이시가키지마", "name_jp": "石垣島", "code": "474000" }
  ]
}
